visitor_6267,www.s_10.com,www.s_10.com/page_1,1347844443
visitor_6267,www.s_9.com,www.s_10.com/page_1,1347844443
visitor_6267,www.s_9.com,www.s_10.com/page_1,1347844443
visitor_6267,www.s_7.com,www.s_10.com/page_1,1347844443
visitor_7565,www.s_6.com,www.s_6.com/page_1,1347844446
visitor_3227,www.s_6.com,www.s_1.com/page_1,1347844450
visitor_9120,www.s_6.com,www.s_5.com/page_1,1347844455
visitor_9120,www.s_6.com,www.s_5.com/page_1,1347844456
visitor_1238,www.s_6.com,www.s_6.com/page_1,1347844458
visitor_8399,www.s_6.com,www.s_6.com/page_1,1347844460
visitor_4971,www.s_6.com,www.s_6.com/page_1,1347844465
visitor_9674,www.s_6.com,www.s_6.com/page_1,1347844470
visitor_9674,www.s_6.com,www.s_6.com/page_1,1347844471